{"plugins":{"cordova-plugin-geolocation":"C:\\ProgramData\\Microsoft\\VisualStudio\\MDA\\1cb415df\\taco-toolset-6.3.1\\node_modules\\cordova-simulate\\src\\plugins\\cordova-plugin-geolocation","exec":"C:\\ProgramData\\Microsoft\\VisualStudio\\MDA\\1cb415df\\taco-toolset-6.3.1\\node_modules\\cordova-simulate\\src\\plugins\\exec","events":"C:\\ProgramData\\Microsoft\\VisualStudio\\MDA\\1cb415df\\taco-toolset-6.3.1\\node_modules\\cordova-simulate\\src\\plugins\\events","cordova-plugin-device":"C:\\ProgramData\\Microsoft\\VisualStudio\\MDA\\1cb415df\\taco-toolset-6.3.1\\node_modules\\cordova-simulate\\src\\plugins\\cordova-plugin-device","android-platform-core":"C:\\ProgramData\\Microsoft\\VisualStudio\\MDA\\1cb415df\\taco-toolset-6.3.1\\node_modules\\cordova-simulate\\src\\platforms\\android"},"files":{"C:\\ProgramData\\Microsoft\\VisualStudio\\MDA\\1cb415df\\taco-toolset-6.3.1\\node_modules\\cordova-simulate\\src\\modules\\argscheck.js":1719985978289,"C:\\ProgramData\\Microsoft\\VisualStudio\\MDA\\1cb415df\\taco-toolset-6.3.1\\node_modules\\cordova-simulate\\src\\modules\\db.js":1719985978305,"C:\\ProgramData\\Microsoft\\VisualStudio\\MDA\\1cb415df\\taco-toolset-6.3.1\\node_modules\\cordova-simulate\\src\\modules\\event.js":1719985978323,"C:\\ProgramData\\Microsoft\\VisualStudio\\MDA\\1cb415df\\taco-toolset-6.3.1\\node_modules\\cordova-simulate\\src\\modules\\messages.js":1719985978358,"C:\\ProgramData\\Microsoft\\VisualStudio\\MDA\\1cb415df\\taco-toolset-6.3.1\\node_modules\\cordova-simulate\\src\\modules\\exception.js":1719985978338,"C:\\ProgramData\\Microsoft\\VisualStudio\\MDA\\1cb415df\\taco-toolset-6.3.1\\node_modules\\cordova-simulate\\src\\modules\\polyfills.js":1719985978375,"C:\\ProgramData\\Microsoft\\VisualStudio\\MDA\\1cb415df\\taco-toolset-6.3.1\\node_modules\\cordova-simulate\\src\\modules\\telemetry-helper.js":1719985978402,"C:\\ProgramData\\Microsoft\\VisualStudio\\MDA\\1cb415df\\taco-toolset-6.3.1\\node_modules\\cordova-simulate\\src\\modules\\sim-constants.js":1719985978388,"C:\\ProgramData\\Microsoft\\VisualStudio\\MDA\\1cb415df\\taco-toolset-6.3.1\\node_modules\\cordova-simulate\\src\\modules\\utils.js":1719985978418,"C:\\ProgramData\\Microsoft\\VisualStudio\\MDA\\1cb415df\\taco-toolset-6.3.1\\node_modules\\cordova-simulate\\src\\modules\\xhr-proxy.js":1719985978435,"C:\\ProgramData\\Microsoft\\VisualStudio\\MDA\\1cb415df\\taco-toolset-6.3.1\\node_modules\\cordova-simulate\\src\\third-party\\jquery.min.js":1719985980302,"C:\\ProgramData\\Microsoft\\VisualStudio\\MDA\\1cb415df\\taco-toolset-6.3.1\\node_modules\\cordova-simulate\\src\\third-party\\webcomponents.min.js":1719985980376,"C:\\ProgramData\\Microsoft\\VisualStudio\\MDA\\1cb415df\\taco-toolset-6.3.1\\node_modules\\cordova-simulate\\src\\third-party\\socket.io.js":1719985980345,"C:\\ProgramData\\Microsoft\\VisualStudio\\MDA\\1cb415df\\taco-toolset-6.3.1\\node_modules\\cordova-simulate\\src\\modules\\sim-host\\dialog.js":1719985978447,"C:\\ProgramData\\Microsoft\\VisualStudio\\MDA\\1cb415df\\taco-toolset-6.3.1\\node_modules\\cordova-simulate\\src\\modules\\sim-host\\sim-status.js":1719985978462,"C:\\ProgramData\\Microsoft\\VisualStudio\\MDA\\1cb415df\\taco-toolset-6.3.1\\node_modules\\cordova-simulate\\src\\sim-host\\ui\\sim-host.js":1719985980257,"C:\\ProgramData\\Microsoft\\VisualStudio\\MDA\\1cb415df\\taco-toolset-6.3.1\\node_modules\\cordova-simulate\\src\\plugins\\cordova-plugin-geolocation\\sim-host-handlers.js":1719985979279,"C:\\ProgramData\\Microsoft\\VisualStudio\\MDA\\1cb415df\\taco-toolset-6.3.1\\node_modules\\cordova-simulate\\src\\plugins\\cordova-plugin-geolocation\\sim-host.js":1719985979313,"C:\\ProgramData\\Microsoft\\VisualStudio\\MDA\\1cb415df\\taco-toolset-6.3.1\\node_modules\\cordova-simulate\\src\\plugins\\cordova-plugin-device\\sim-host-handlers.js":1719985978710,"C:\\ProgramData\\Microsoft\\VisualStudio\\MDA\\1cb415df\\taco-toolset-6.3.1\\node_modules\\cordova-simulate\\src\\plugins\\exec\\sim-host-handlers.js":1719985979783,"C:\\ProgramData\\Microsoft\\VisualStudio\\MDA\\1cb415df\\taco-toolset-6.3.1\\node_modules\\cordova-simulate\\src\\plugins\\events\\sim-host.js":1719985979732,"C:\\ProgramData\\Microsoft\\VisualStudio\\MDA\\1cb415df\\taco-toolset-6.3.1\\node_modules\\cordova-simulate\\src\\plugins\\cordova-plugin-device\\sim-host.js":1719985978731,"C:\\ProgramData\\Microsoft\\VisualStudio\\MDA\\1cb415df\\taco-toolset-6.3.1\\node_modules\\cordova-simulate\\src\\platforms\\android\\sim-host-handlers.js":1719985978495,"C:\\ProgramData\\Microsoft\\VisualStudio\\MDA\\1cb415df\\taco-toolset-6.3.1\\node_modules\\cordova-simulate\\src\\plugins\\exec\\sim-host.js":1719985979812,"C:\\ProgramData\\Microsoft\\VisualStudio\\MDA\\1cb415df\\taco-toolset-6.3.1\\node_modules\\cordova-simulate\\src\\sim-host\\ui\\custom-elements.js":1719985980201,"C:\\ProgramData\\Microsoft\\VisualStudio\\MDA\\1cb415df\\taco-toolset-6.3.1\\node_modules\\cordova-simulate\\src\\plugins\\exec\\saved-sims.js":1719985979753,"C:\\ProgramData\\Microsoft\\VisualStudio\\MDA\\1cb415df\\taco-toolset-6.3.1\\node_modules\\cordova-simulate\\src\\plugins\\cordova-plugin-device\\device-model.js":1719985978694,"C:\\ProgramData\\Microsoft\\VisualStudio\\MDA\\1cb415df\\taco-toolset-6.3.1\\node_modules\\cordova-simulate\\src\\sim-host\\protocol\\socket.js":1719985980178,"C:\\ProgramData\\Microsoft\\VisualStudio\\MDA\\1cb415df\\taco-toolset-6.3.1\\node_modules\\cordova-simulate\\src\\plugins\\cordova-plugin-geolocation\\geo-model.js":1719985979113,"C:\\ProgramData\\Microsoft\\VisualStudio\\MDA\\1cb415df\\taco-toolset-6.3.1\\node_modules\\cordova-simulate\\src\\plugins\\cordova-plugin-geolocation\\PositionError.js":1719985979266,"C:\\ProgramData\\Microsoft\\VisualStudio\\MDA\\1cb415df\\taco-toolset-6.3.1\\node_modules\\cordova-simulate\\src\\devices\\os-versions.json":1719985976631,"C:\\ProgramData\\Microsoft\\VisualStudio\\MDA\\1cb415df\\taco-toolset-6.3.1\\node_modules\\cordova-simulate\\node_modules\\q\\q.js":1719985974937,"C:\\ProgramData\\Microsoft\\VisualStudio\\MDA\\1cb415df\\taco-toolset-6.3.1\\node_modules\\process\\browser.js":1719986073477}}