{"plugins":{"cordova-plugin-geolocation":"C:\\ProgramData\\Microsoft\\VisualStudio\\MDA\\1cb415df\\taco-toolset-6.3.1\\node_modules\\cordova-simulate\\src\\plugins\\cordova-plugin-geolocation","exec":"C:\\ProgramData\\Microsoft\\VisualStudio\\MDA\\1cb415df\\taco-toolset-6.3.1\\node_modules\\cordova-simulate\\src\\plugins\\exec","events":"C:\\ProgramData\\Microsoft\\VisualStudio\\MDA\\1cb415df\\taco-toolset-6.3.1\\node_modules\\cordova-simulate\\src\\plugins\\events","cordova-plugin-device":"C:\\ProgramData\\Microsoft\\VisualStudio\\MDA\\1cb415df\\taco-toolset-6.3.1\\node_modules\\cordova-simulate\\src\\plugins\\cordova-plugin-device","android-platform-core":"C:\\ProgramData\\Microsoft\\VisualStudio\\MDA\\1cb415df\\taco-toolset-6.3.1\\node_modules\\cordova-simulate\\src\\platforms\\android"},"files":{"C:\\ProgramData\\Microsoft\\VisualStudio\\MDA\\1cb415df\\taco-toolset-6.3.1\\node_modules\\cordova-simulate\\src\\app-host\\app-host.js":1719985976571,"C:\\ProgramData\\Microsoft\\VisualStudio\\MDA\\1cb415df\\taco-toolset-6.3.1\\node_modules\\cordova-simulate\\src\\modules\\event.js":1719985978323,"C:\\ProgramData\\Microsoft\\VisualStudio\\MDA\\1cb415df\\taco-toolset-6.3.1\\node_modules\\cordova-simulate\\src\\modules\\messages.js":1719985978358,"C:\\ProgramData\\Microsoft\\VisualStudio\\MDA\\1cb415df\\taco-toolset-6.3.1\\node_modules\\cordova-simulate\\src\\modules\\argscheck.js":1719985978289,"C:\\ProgramData\\Microsoft\\VisualStudio\\MDA\\1cb415df\\taco-toolset-6.3.1\\node_modules\\cordova-simulate\\src\\modules\\db.js":1719985978305,"C:\\ProgramData\\Microsoft\\VisualStudio\\MDA\\1cb415df\\taco-toolset-6.3.1\\node_modules\\cordova-simulate\\src\\modules\\polyfills.js":1719985978375,"C:\\ProgramData\\Microsoft\\VisualStudio\\MDA\\1cb415df\\taco-toolset-6.3.1\\node_modules\\cordova-simulate\\src\\modules\\sim-constants.js":1719985978388,"C:\\ProgramData\\Microsoft\\VisualStudio\\MDA\\1cb415df\\taco-toolset-6.3.1\\node_modules\\cordova-simulate\\src\\modules\\exception.js":1719985978338,"C:\\ProgramData\\Microsoft\\VisualStudio\\MDA\\1cb415df\\taco-toolset-6.3.1\\node_modules\\cordova-simulate\\src\\modules\\utils.js":1719985978418,"C:\\ProgramData\\Microsoft\\VisualStudio\\MDA\\1cb415df\\taco-toolset-6.3.1\\node_modules\\cordova-simulate\\src\\modules\\xhr-proxy.js":1719985978435,"C:\\ProgramData\\Microsoft\\VisualStudio\\MDA\\1cb415df\\taco-toolset-6.3.1\\node_modules\\cordova-simulate\\src\\modules\\telemetry-helper.js":1719985978402,"C:\\ProgramData\\Microsoft\\VisualStudio\\MDA\\1cb415df\\taco-toolset-6.3.1\\node_modules\\cordova-simulate\\src\\third-party\\jquery.min.js":1719985980302,"C:\\ProgramData\\Microsoft\\VisualStudio\\MDA\\1cb415df\\taco-toolset-6.3.1\\node_modules\\cordova-simulate\\src\\third-party\\webcomponents.min.js":1719985980376,"C:\\ProgramData\\Microsoft\\VisualStudio\\MDA\\1cb415df\\taco-toolset-6.3.1\\node_modules\\cordova-simulate\\src\\third-party\\socket.io.js":1719985980345,"C:\\ProgramData\\Microsoft\\VisualStudio\\MDA\\1cb415df\\taco-toolset-6.3.1\\node_modules\\cordova-simulate\\src\\plugins\\cordova-plugin-geolocation\\app-host-clobbers.js":1719985979075,"C:\\ProgramData\\Microsoft\\VisualStudio\\MDA\\1cb415df\\taco-toolset-6.3.1\\node_modules\\cordova-simulate\\src\\plugins\\cordova-plugin-device\\app-host.js":1719985978681,"C:\\ProgramData\\Microsoft\\VisualStudio\\MDA\\1cb415df\\taco-toolset-6.3.1\\node_modules\\cordova-simulate\\src\\plugins\\events\\app-host.js":1719985979712,"C:\\ProgramData\\Microsoft\\VisualStudio\\MDA\\1cb415df\\taco-toolset-6.3.1\\node_modules\\cordova-simulate\\src\\platforms\\android\\app-host-handlers.js":1719985978483,"C:\\ProgramData\\Microsoft\\VisualStudio\\MDA\\1cb415df\\taco-toolset-6.3.1\\node_modules\\cordova-simulate\\src\\app-host\\live-reload-client.js":1719985976590,"C:\\ProgramData\\Microsoft\\VisualStudio\\MDA\\1cb415df\\taco-toolset-6.3.1\\node_modules\\cordova-simulate\\src\\app-host\\touch-events.js":1719985976607,"C:\\ProgramData\\Microsoft\\VisualStudio\\MDA\\1cb415df\\taco-toolset-6.3.1\\node_modules\\cordova-simulate\\src\\plugins\\cordova-plugin-geolocation\\Position.js":1719985979252,"C:\\ProgramData\\Microsoft\\VisualStudio\\MDA\\1cb415df\\taco-toolset-6.3.1\\node_modules\\cordova-simulate\\src\\plugins\\cordova-plugin-geolocation\\PositionError.js":1719985979266,"C:\\ProgramData\\Microsoft\\VisualStudio\\MDA\\1cb415df\\taco-toolset-6.3.1\\node_modules\\cordova-simulate\\node_modules\\q\\q.js":1719985974937,"C:\\ProgramData\\Microsoft\\VisualStudio\\MDA\\1cb415df\\taco-toolset-6.3.1\\node_modules\\cordova-simulate\\src\\plugins\\cordova-plugin-geolocation\\Coordinates.js":1719985979099,"C:\\ProgramData\\Microsoft\\VisualStudio\\MDA\\1cb415df\\taco-toolset-6.3.1\\node_modules\\cordova-simulate\\node_modules\\url\\url.js":1719985976460,"C:\\ProgramData\\Microsoft\\VisualStudio\\MDA\\1cb415df\\taco-toolset-6.3.1\\node_modules\\process\\browser.js":1719986073477,"C:\\ProgramData\\Microsoft\\VisualStudio\\MDA\\1cb415df\\taco-toolset-6.3.1\\node_modules\\cordova-simulate\\node_modules\\url\\util.js":1719985976481,"C:\\ProgramData\\Microsoft\\VisualStudio\\MDA\\1cb415df\\taco-toolset-6.3.1\\node_modules\\querystring-es3\\index.js":1719986074751,"C:\\ProgramData\\Microsoft\\VisualStudio\\MDA\\1cb415df\\taco-toolset-6.3.1\\node_modules\\punycode\\punycode.js":1719986074245,"C:\\ProgramData\\Microsoft\\VisualStudio\\MDA\\1cb415df\\taco-toolset-6.3.1\\node_modules\\querystring-es3\\encode.js":1719986074730,"C:\\ProgramData\\Microsoft\\VisualStudio\\MDA\\1cb415df\\taco-toolset-6.3.1\\node_modules\\querystring-es3\\decode.js":1719986074714}}